residue,MAPE,MAAPE
0.00001,0.00001,1E-05
0.0001,0.0001,1E-04
0.001,0.001,0.001
0.005,0.005,0.004999958
0.01,0.01,0.009999667
0.05,0.05,0.049958396
0.1,0.1,0.099668652
0.5,0.5,0.463647609
1.5,1.5,0.982793723
2,2,1.107148718
3,3,1.249045772
4,4,1.325817664
5,5,1.373400767
6,6,1.405647649
7,7,1.428899272
8,8,1.446441332
9,9,1.460139106
10,10,1.471127674
50,50,1.550798993
75,75,1.557463784
100,100,1.56079666
